Imagen,Valor,Clase
Imagen_1,104.95455767182199,0
Imagen_2,112.77891577743902,0
Imagen_3,78.45581162373976,0
Imagen_4,81.69680533333333,0
Imagen_5,74.09905092592592,0
Imagen_6,94.06377451559547,0
Imagen_7,114.70455370370371,0
Imagen_8,120.2249758823725,0
Imagen_9,112.36317542107015,1
Imagen_10,147.9795395808403,1
Imagen_11,173.39090682551736,1
Imagen_12,124.82509263134257,1
Imagen_13,105.6834948224852,1
Imagen_14,105.21528608784293,1
Imagen_15,93.24212759828038,1
Imagen_16,88.29487019678234,1
