Imagen,Valor,Clase
Imagen_1,109.42784569886109,0
Imagen_2,117.03373564078832,0
Imagen_3,79.37573513967654,0
Imagen_4,88.31205333333334,0
Imagen_5,71.64188014403292,0
Imagen_6,94.39701579237556,0
Imagen_7,117.75963827160494,0
Imagen_8,126.1227070928002,0
Imagen_9,118.12488564067512,1
Imagen_10,148.1167138262864,1
Imagen_11,175.22258579362065,1
Imagen_12,128.04685042093814,1
Imagen_13,110.08380259697567,1
Imagen_14,107.71549337780141,1
Imagen_15,95.70785181122487,1
Imagen_16,88.6497344472514,1
