Imagen,Valor,Clase
Imagen_1,98.76571500433994,0
Imagen_2,76.17887766768293,0
Imagen_3,78.05687691989603,0
Imagen_4,44.778421333333334,0
Imagen_5,54.41198945473251,0
Imagen_6,54.67160326086957,0
Imagen_7,88.99879444444444,0
Imagen_8,99.99168461628022,0
Imagen_9,98.24049809839283,1
Imagen_10,46.197241473873156,1
Imagen_11,82.70915309948738,1
Imagen_12,87.41281936122651,1
Imagen_13,79.03448594674556,1
Imagen_14,62.26262298896423,1
Imagen_15,104.55767046713646,1
Imagen_16,45.53109487878385,1
